datetime,CDD,CWD,Prcp1,SDII,,,year,month
1961-01-31,14.0,3.0,29.03225806451613,5.691111111111112,1961,Jan,1961,Jan
1961-02-28,12.0,3.0,28.57142857142857,9.895,1961,Feb,1961,Feb
1961-03-31,16.0,3.0,25.806451612903224,11.868749999999999,1961,Mar,1961,Mar
1961-04-30,4.0,3.0,50.0,6.683333333333333,1961,Apr,1961,Apr
1961-05-31,5.0,3.0,41.935483870967744,5.13,1961,May,1961,May
1961-06-30,5.0,2.0,31.03448275862069,9.553333333333335,1961,Jun,1961,Jun
1961-07-31,5.0,4.0,45.16129032258064,5.929285714285714,1961,Jul,1961,Jul
1961-08-31,5.0,3.0,32.25806451612903,14.508,1961,Aug,1961,Aug
1961-09-30,13.0,2.0,13.333333333333334,5.6525,1961,Sep,1961,Sep
1961-10-31,10.0,4.0,35.483870967741936,6.278181818181818,1961,Oct,1961,Oct
1961-11-30,4.0,4.0,46.666666666666664,5.843571428571428,1961,Nov,1961,Nov
1961-12-31,5.0,5.0,45.16129032258064,7.170714285714285,1961,Dec,1961,Dec
1962-01-31,4.0,4.0,41.935483870967744,9.773846153846154,1962,Jan,1962,Jan
1962-02-28,9.0,3.0,42.857142857142854,9.536666666666667,1962,Feb,1962,Feb
1962-03-31,15.0,3.0,25.806451612903224,5.14625,1962,Mar,1962,Mar
1962-04-30,6.0,5.0,50.0,9.292,1962,Apr,1962,Apr
1962-05-31,7.0,3.0,29.03225806451613,4.688888888888889,1962,May,1962,May
1962-06-30,9.0,2.0,23.333333333333332,11.732857142857142,1962,Jun,1962,Jun
1962-07-31,8.0,3.0,38.70967741935484,11.207500000000001,1962,Jul,1962,Jul
1962-08-31,6.0,2.0,29.03225806451613,6.9433333333333325,1962,Aug,1962,Aug
1962-09-30,7.0,3.0,36.666666666666664,6.684545454545454,1962,Sep,1962,Sep
1962-10-31,4.0,5.0,54.83870967741935,7.714117647058824,1962,Oct,1962,Oct
1962-11-30,9.0,2.0,20.0,7.585,1962,Nov,1962,Nov
1962-12-31,4.0,4.0,48.38709677419355,6.654,1962,Dec,1962,Dec
1963-01-31,6.0,2.0,35.483870967741936,5.636363636363636,1963,Jan,1963,Jan
1963-02-28,5.0,4.0,42.857142857142854,8.480833333333335,1963,Feb,1963,Feb
1963-03-31,5.0,3.0,29.03225806451613,10.045555555555556,1963,Mar,1963,Mar
1963-04-30,7.0,4.0,36.666666666666664,8.297272727272729,1963,Apr,1963,Apr
1963-05-31,8.0,2.0,29.03225806451613,11.024444444444445,1963,May,1963,May
1963-06-30,6.0,4.0,33.33333333333333,9.661,1963,Jun,1963,Jun
1963-07-31,10.0,1.0,19.35483870967742,10.928333333333333,1963,Jul,1963,Jul
1963-08-31,4.0,4.0,58.06451612903226,8.832777777777777,1963,Aug,1963,Aug
1963-09-30,22.0,1.0,10.344827586206897,16.683333333333334,1963,Sep,1963,Sep
1963-10-31,20.0,1.0,9.67741935483871,5.069999999999999,1963,Oct,1963,Oct
1963-11-30,5.0,6.0,50.0,10.412666666666667,1963,Nov,1963,Nov
1963-12-31,9.0,3.0,32.25806451612903,5.371,1963,Dec,1963,Dec
1964-01-31,5.0,3.0,45.16129032258064,9.128571428571428,1964,Jan,1964,Jan
1964-02-29,6.0,3.0,31.03448275862069,5.495555555555556,1964,Feb,1964,Feb
1964-03-31,8.0,2.0,25.806451612903224,9.52,1964,Mar,1964,Mar
1964-04-30,8.0,3.0,23.333333333333332,9.084285714285715,1964,Apr,1964,Apr
1964-05-31,8.0,4.0,35.483870967741936,4.255454545454545,1964,May,1964,May
1964-06-30,15.0,1.0,13.333333333333334,8.1475,1964,Jun,1964,Jun
1964-07-31,5.0,3.0,38.70967741935484,10.236666666666666,1964,Jul,1964,Jul
1964-08-31,11.0,2.0,29.03225806451613,10.975555555555557,1964,Aug,1964,Aug
1964-09-30,15.0,1.0,13.333333333333334,8.485,1964,Sep,1964,Sep
1964-10-31,6.0,2.0,35.483870967741936,4.3590909090909085,1964,Oct,1964,Oct
1964-11-30,5.0,4.0,36.666666666666664,7.7681818181818185,1964,Nov,1964,Nov
1964-12-31,5.0,5.0,54.83870967741935,6.362941176470589,1964,Dec,1964,Dec
1965-01-31,7.0,5.0,32.25806451612903,7.606,1965,Jan,1965,Jan
1965-02-28,7.0,4.0,46.42857142857143,7.336153846153845,1965,Feb,1965,Feb
1965-03-31,17.0,2.0,16.129032258064516,3.7439999999999998,1965,Mar,1965,Mar
1965-04-30,6.0,2.0,26.666666666666668,8.49125,1965,Apr,1965,Apr
1965-05-31,7.0,4.0,32.25806451612903,4.952,1965,May,1965,May
1965-06-30,9.0,2.0,16.666666666666664,3.7960000000000003,1965,Jun,1965,Jun
1965-07-31,9.0,3.0,29.03225806451613,9.95,1965,Jul,1965,Jul
1965-08-31,3.0,6.0,61.29032258064516,8.92315789473684,1965,Aug,1965,Aug
1965-09-30,5.0,4.0,31.03448275862069,6.137777777777777,1965,Sep,1965,Sep
1965-10-31,5.0,3.0,54.83870967741935,8.21764705882353,1965,Oct,1965,Oct
1965-11-30,6.0,5.0,43.333333333333336,12.583076923076923,1965,Nov,1965,Nov
1965-12-31,7.0,5.0,48.38709677419355,4.160666666666668,1965,Dec,1965,Dec
1966-01-31,4.0,2.0,48.38709677419355,8.172666666666666,1966,Jan,1966,Jan
1966-02-28,8.0,2.0,35.714285714285715,7.058,1966,Feb,1966,Feb
1966-03-31,10.0,2.0,22.58064516129032,11.73142857142857,1966,Mar,1966,Mar
1966-04-30,9.0,4.0,26.666666666666668,2.975,1966,Apr,1966,Apr
1966-05-31,12.0,5.0,35.483870967741936,3.7263636363636365,1966,May,1966,May
1966-06-30,8.0,3.0,26.666666666666668,10.0125,1966,Jun,1966,Jun
1966-07-31,6.0,2.0,25.806451612903224,9.31125,1966,Jul,1966,Jul
1966-08-31,7.0,2.0,26.666666666666668,9.41375,1966,Aug,1966,Aug
1966-09-30,7.0,3.0,30.0,9.348888888888888,1966,Sep,1966,Sep
1966-10-31,11.0,3.0,22.58064516129032,6.764285714285715,1966,Oct,1966,Oct
1966-11-30,5.0,3.0,40.0,8.413333333333332,1966,Nov,1966,Nov
1966-12-31,5.0,5.0,48.38709677419355,9.542666666666666,1966,Dec,1966,Dec
1967-01-31,3.0,3.0,51.61290322580645,4.52375,1967,Jan,1967,Jan
1967-02-28,6.0,3.0,46.42857142857143,5.646923076923077,1967,Feb,1967,Feb
1967-03-31,7.0,2.0,16.129032258064516,3.442,1967,Mar,1967,Mar
1967-04-30,8.0,4.0,33.33333333333333,7.433,1967,Apr,1967,Apr
1967-05-31,11.0,5.0,35.483870967741936,5.774545454545454,1967,May,1967,May
1967-06-30,6.0,4.0,33.33333333333333,12.448000000000002,1967,Jun,1967,Jun
1967-07-31,7.0,2.0,25.806451612903224,8.7775,1967,Jul,1967,Jul
1967-08-31,6.0,2.0,32.25806451612903,7.936,1967,Aug,1967,Aug
1967-09-30,11.0,3.0,33.33333333333333,6.052,1967,Sep,1967,Sep
1967-10-31,5.0,4.0,35.483870967741936,6.863636363636363,1967,Oct,1967,Oct
1967-11-30,6.0,5.0,50.0,6.591333333333335,1967,Nov,1967,Nov
1967-12-31,5.0,2.0,35.483870967741936,9.67909090909091,1967,Dec,1967,Dec
1968-01-31,6.0,3.0,38.70967741935484,4.883333333333334,1968,Jan,1968,Jan
1968-02-29,5.0,3.0,44.827586206896555,3.427692307692307,1968,Feb,1968,Feb
1968-03-31,11.0,5.0,35.483870967741936,8.544545454545455,1968,Mar,1968,Mar
1968-04-30,19.0,3.0,16.666666666666664,12.468,1968,Apr,1968,Apr
1968-05-31,8.0,6.0,29.03225806451613,5.963333333333334,1968,May,1968,May
1968-06-30,4.0,3.0,46.666666666666664,6.512142857142856,1968,Jun,1968,Jun
1968-07-31,6.0,2.0,35.483870967741936,4.565454545454545,1968,Jul,1968,Jul
1968-08-31,7.0,2.0,25.806451612903224,8.686250000000001,1968,Aug,1968,Aug
1968-09-30,8.0,3.0,26.666666666666668,8.18125,1968,Sep,1968,Sep
1968-10-31,8.0,3.0,32.25806451612903,7.061,1968,Oct,1968,Oct
1968-11-30,5.0,4.0,46.666666666666664,8.517857142857144,1968,Nov,1968,Nov
1968-12-31,7.0,3.0,48.38709677419355,9.402666666666667,1968,Dec,1968,Dec
1969-01-31,5.0,5.0,38.70967741935484,7.915,1969,Jan,1969,Jan
1969-02-28,8.0,3.0,28.57142857142857,4.0112499999999995,1969,Feb,1969,Feb
1969-03-31,10.0,3.0,32.25806451612903,5.401000000000001,1969,Mar,1969,Mar
1969-04-30,5.0,2.0,33.33333333333333,10.818000000000001,1969,Apr,1969,Apr
1969-05-31,6.0,6.0,48.38709677419355,6.715333333333333,1969,May,1969,May
1969-06-30,7.0,2.0,43.333333333333336,9.557692307692308,1969,Jun,1969,Jun
1969-07-31,10.0,4.0,35.483870967741936,5.814545454545455,1969,Jul,1969,Jul
1969-08-31,8.0,3.0,29.03225806451613,10.448888888888888,1969,Aug,1969,Aug
1969-09-30,6.0,3.0,31.03448275862069,7.593333333333334,1969,Sep,1969,Sep
1969-10-31,6.0,4.0,38.70967741935484,5.091666666666666,1969,Oct,1969,Oct
1969-11-30,4.0,7.0,53.333333333333336,7.401875,1969,Nov,1969,Nov
1969-12-31,6.0,3.0,35.483870967741936,12.608181818181821,1969,Dec,1969,Dec
1970-01-31,6.0,2.0,29.03225806451613,3.7666666666666666,1970,Jan,1970,Jan
1970-02-28,5.0,3.0,46.42857142857143,4.589230769230769,1970,Feb,1970,Feb
1970-03-31,5.0,5.0,45.16129032258064,4.014285714285714,1970,Mar,1970,Mar
1970-04-30,11.0,3.0,23.333333333333332,10.135714285714286,1970,Apr,1970,Apr
1970-05-31,5.0,2.0,32.25806451612903,5.608,1970,May,1970,May
1970-06-30,11.0,2.0,26.666666666666668,6.45125,1970,Jun,1970,Jun
1970-07-31,7.0,3.0,29.03225806451613,6.415555555555557,1970,Jul,1970,Jul
1970-08-31,7.0,2.0,30.0,6.067777777777778,1970,Aug,1970,Aug
1970-09-30,5.0,3.0,40.0,10.259166666666667,1970,Sep,1970,Sep
1970-10-31,8.0,3.0,29.03225806451613,9.742222222222223,1970,Oct,1970,Oct
1970-11-30,9.0,7.0,50.0,5.709333333333333,1970,Nov,1970,Nov
1970-12-31,3.0,5.0,51.61290322580645,8.6925,1970,Dec,1970,Dec
1971-01-31,4.0,5.0,51.61290322580645,5.82,1971,Jan,1971,Jan
1971-02-28,4.0,3.0,46.42857142857143,12.586153846153847,1971,Feb,1971,Feb
1971-03-31,8.0,3.0,30.0,5.156666666666667,1971,Mar,1971,Mar
1971-04-30,4.0,3.0,43.333333333333336,3.9446153846153846,1971,Apr,1971,Apr
1971-05-31,7.0,3.0,29.03225806451613,4.704444444444444,1971,May,1971,May
1971-06-30,8.0,2.0,26.666666666666668,6.3725,1971,Jun,1971,Jun
1971-07-31,6.0,1.0,22.58064516129032,8.412857142857144,1971,Jul,1971,Jul
1971-08-31,5.0,2.0,32.25806451612903,10.92,1971,Aug,1971,Aug
1971-09-30,5.0,4.0,36.666666666666664,7.4290909090909105,1971,Sep,1971,Sep
1971-10-31,10.0,3.0,22.58064516129032,5.74,1971,Oct,1971,Oct
1971-11-30,6.0,4.0,46.666666666666664,5.215000000000001,1971,Nov,1971,Nov
1971-12-31,3.0,5.0,51.61290322580645,6.515625,1971,Dec,1971,Dec
1972-01-31,4.0,6.0,41.935483870967744,4.3053846153846145,1972,Jan,1972,Jan
1972-02-29,7.0,6.0,51.724137931034484,7.950000000000001,1972,Feb,1972,Feb
1972-03-31,8.0,3.0,35.483870967741936,11.003636363636364,1972,Mar,1972,Mar
1972-04-30,7.0,3.0,30.0,6.99,1972,Apr,1972,Apr
1972-05-31,11.0,5.0,32.25806451612903,7.2379999999999995,1972,May,1972,May
1972-06-30,4.0,7.0,46.666666666666664,10.197142857142856,1972,Jun,1972,Jun
1972-07-31,6.0,6.0,48.38709677419355,10.993333333333332,1972,Jul,1972,Jul
1972-08-31,4.0,4.0,41.935483870967744,10.286153846153844,1972,Aug,1972,Aug
1972-09-30,7.0,2.0,23.333333333333332,9.794285714285715,1972,Sep,1972,Sep
1972-10-31,5.0,4.0,41.935483870967744,6.862307692307693,1972,Oct,1972,Oct
1972-11-30,6.0,4.0,40.0,8.795,1972,Nov,1972,Nov
1972-12-31,2.0,4.0,67.74193548387096,9.645238095238094,1972,Dec,1972,Dec
1973-01-31,8.0,3.0,38.70967741935484,6.578333333333333,1973,Jan,1973,Jan
1973-02-28,6.0,2.0,28.57142857142857,9.649999999999999,1973,Feb,1973,Feb
1973-03-31,9.0,4.0,41.935483870967744,8.05076923076923,1973,Mar,1973,Mar
1973-04-30,9.0,5.0,40.0,6.996666666666666,1973,Apr,1973,Apr
1973-05-31,6.0,5.0,54.83870967741935,7.563529411764707,1973,May,1973,May
1973-06-30,7.0,3.0,36.666666666666664,8.942727272727272,1973,Jun,1973,Jun
1973-07-31,9.0,3.0,22.58064516129032,11.384285714285715,1973,Jul,1973,Jul
1973-08-31,9.0,2.0,22.58064516129032,13.182857142857143,1973,Aug,1973,Aug
1973-09-30,8.0,2.0,23.333333333333332,13.704285714285716,1973,Sep,1973,Sep
1973-10-31,9.0,2.0,22.58064516129032,8.651428571428571,1973,Oct,1973,Oct
1973-11-30,5.0,4.0,43.333333333333336,5.2761538461538455,1973,Nov,1973,Nov
1973-12-31,3.0,5.0,61.29032258064516,9.583157894736843,1973,Dec,1973,Dec
1974-01-31,3.0,3.0,51.61290322580645,5.194374999999999,1974,Jan,1974,Jan
1974-02-28,10.0,2.0,21.428571428571427,8.343333333333332,1974,Feb,1974,Feb
1974-03-31,5.0,4.0,41.935483870967744,8.866923076923076,1974,Mar,1974,Mar
1974-04-30,7.0,3.0,43.333333333333336,8.235384615384614,1974,Apr,1974,Apr
1974-05-31,6.0,3.0,45.16129032258064,7.9750000000000005,1974,May,1974,May
1974-06-30,6.0,3.0,33.33333333333333,6.979000000000001,1974,Jun,1974,Jun
1974-07-31,8.0,3.0,38.70967741935484,12.756666666666668,1974,Jul,1974,Jul
1974-08-31,9.0,3.0,19.35483870967742,6.09,1974,Aug,1974,Aug
1974-09-30,5.0,2.0,36.666666666666664,4.5,1974,Sep,1974,Sep
1974-10-31,9.0,1.0,19.35483870967742,4.7749999999999995,1974,Oct,1974,Oct
1974-11-30,8.0,3.0,36.666666666666664,8.845454545454546,1974,Nov,1974,Nov
1974-12-31,4.0,4.0,45.16129032258064,7.925714285714286,1974,Dec,1974,Dec
1975-01-31,4.0,4.0,45.16129032258064,5.891428571428572,1975,Jan,1975,Jan
1975-02-28,4.0,3.0,42.857142857142854,4.845000000000001,1975,Feb,1975,Feb
1975-03-31,4.0,3.0,38.70967741935484,7.807500000000001,1975,Mar,1975,Mar
1975-04-30,12.0,4.0,20.0,11.966666666666667,1975,Apr,1975,Apr
1975-05-31,9.0,2.0,25.806451612903224,9.716249999999999,1975,May,1975,May
1975-06-30,11.0,4.0,30.0,10.124444444444444,1975,Jun,1975,Jun
1975-07-31,6.0,3.0,41.935483870967744,12.557692307692308,1975,Jul,1975,Jul
1975-08-31,8.0,3.0,32.25806451612903,9.257,1975,Aug,1975,Aug
1975-09-30,3.0,4.0,51.724137931034484,10.819999999999999,1975,Sep,1975,Sep
1975-10-31,7.0,6.0,41.935483870967744,7.383076923076923,1975,Oct,1975,Oct
1975-11-30,6.0,3.0,36.666666666666664,12.444545454545453,1975,Nov,1975,Nov
1975-12-31,3.0,3.0,45.16129032258064,9.94,1975,Dec,1975,Dec
1976-01-31,3.0,6.0,54.83870967741935,8.378823529411765,1976,Jan,1976,Jan
1976-02-29,3.0,5.0,62.06896551724138,7.76111111111111,1976,Feb,1976,Feb
1976-03-31,3.0,5.0,54.83870967741935,6.619411764705882,1976,Mar,1976,Mar
1976-04-30,9.0,3.0,30.0,10.08222222222222,1976,Apr,1976,Apr
1976-05-31,7.0,4.0,48.38709677419355,8.425333333333334,1976,May,1976,May
1976-06-30,4.0,3.0,40.0,7.339166666666665,1976,Jun,1976,Jun
1976-07-31,5.0,3.0,41.935483870967744,8.453846153846154,1976,Jul,1976,Jul
1976-08-31,4.0,3.0,41.935483870967744,6.614615384615385,1976,Aug,1976,Aug
1976-09-30,6.0,2.0,40.0,9.61,1976,Sep,1976,Sep
1976-10-31,7.0,2.0,32.25806451612903,12.058000000000002,1976,Oct,1976,Oct
1976-11-30,4.0,4.0,53.333333333333336,3.3731250000000004,1976,Nov,1976,Nov
1976-12-31,5.0,3.0,29.03225806451613,6.337777777777777,1976,Dec,1976,Dec
1977-01-31,6.0,2.0,35.483870967741936,7.049090909090908,1977,Jan,1977,Jan
1977-02-28,5.0,4.0,35.714285714285715,6.218999999999999,1977,Feb,1977,Feb
1977-03-31,7.0,3.0,29.03225806451613,10.052222222222223,1977,Mar,1977,Mar
1977-04-30,7.0,4.0,33.33333333333333,7.428999999999999,1977,Apr,1977,Apr
1977-05-31,22.0,1.0,9.67741935483871,8.19,1977,May,1977,May
1977-06-30,8.0,3.0,33.33333333333333,10.853,1977,Jun,1977,Jun
1977-07-31,7.0,2.0,32.25806451612903,7.476000000000001,1977,Jul,1977,Jul
1977-08-31,4.0,3.0,41.935483870967744,6.494615384615386,1977,Aug,1977,Aug
1977-09-30,7.0,4.0,46.666666666666664,10.573571428571428,1977,Sep,1977,Sep
1977-10-31,9.0,4.0,35.483870967741936,10.480000000000002,1977,Oct,1977,Oct
1977-11-30,3.0,3.0,40.0,8.431666666666667,1977,Nov,1977,Nov
1977-12-31,5.0,5.0,41.935483870967744,7.1246153846153835,1977,Dec,1977,Dec
1978-01-31,4.0,4.0,48.38709677419355,9.292666666666666,1978,Jan,1978,Jan
1978-02-28,21.0,1.0,3.571428571428571,12.97,1978,Feb,1978,Feb
1978-03-31,10.0,3.0,29.03225806451613,13.091111111111111,1978,Mar,1978,Mar
1978-04-30,9.0,3.0,30.0,7.82888888888889,1978,Apr,1978,Apr
1978-05-31,9.0,2.0,25.806451612903224,5.577500000000001,1978,May,1978,May
1978-06-30,4.0,3.0,40.0,7.577500000000001,1978,Jun,1978,Jun
1978-07-31,10.0,2.0,22.58064516129032,7.404285714285714,1978,Jul,1978,Jul
1978-08-31,6.0,2.0,32.25806451612903,9.913,1978,Aug,1978,Aug
1978-09-30,4.0,2.0,26.666666666666668,4.8125,1978,Sep,1978,Sep
1978-10-31,6.0,2.0,32.25806451612903,9.028,1978,Oct,1978,Oct
1978-11-30,12.0,2.0,23.333333333333332,12.80285714285714,1978,Nov,1978,Nov
1978-12-31,3.0,3.0,51.61290322580645,6.828125,1978,Dec,1978,Dec
1979-01-31,4.0,3.0,48.38709677419355,10.007333333333333,1979,Jan,1979,Jan
1979-02-28,12.0,2.0,28.57142857142857,4.45875,1979,Feb,1979,Feb
1979-03-31,14.0,3.0,29.03225806451613,6.626666666666667,1979,Mar,1979,Mar
1979-04-30,9.0,3.0,40.0,10.403333333333334,1979,Apr,1979,Apr
1979-05-31,7.0,7.0,45.16129032258064,6.441428571428571,1979,May,1979,May
1979-06-30,10.0,2.0,23.333333333333332,4.720000000000001,1979,Jun,1979,Jun
1979-07-31,8.0,2.0,29.03225806451613,4.415555555555556,1979,Jul,1979,Jul
1979-08-31,4.0,2.0,35.483870967741936,9.182727272727272,1979,Aug,1979,Aug
1979-09-30,12.0,1.0,13.793103448275861,12.372499999999999,1979,Sep,1979,Sep
1979-10-31,4.0,5.0,45.16129032258064,6.950714285714286,1979,Oct,1979,Oct
1979-11-30,7.0,4.0,43.333333333333336,5.596923076923077,1979,Nov,1979,Nov
1979-12-31,5.0,5.0,32.25806451612903,6.582000000000001,1979,Dec,1979,Dec
1980-01-31,9.0,1.0,12.903225806451612,8.7,1980,Jan,1980,Jan
1980-02-29,15.0,3.0,24.137931034482758,3.4499999999999997,1980,Feb,1980,Feb
1980-03-31,6.0,4.0,35.483870967741936,6.773636363636363,1980,Mar,1980,Mar
1980-04-30,9.0,2.0,33.33333333333333,10.816999999999998,1980,Apr,1980,Apr
1980-05-31,11.0,2.0,19.35483870967742,7.765,1980,May,1980,May
1980-06-30,5.0,1.0,23.333333333333332,6.105714285714285,1980,Jun,1980,Jun
1980-07-31,3.0,4.0,51.61290322580645,11.695625,1980,Jul,1980,Jul
1980-08-31,9.0,2.0,32.25806451612903,6.843000000000001,1980,Aug,1980,Aug
1980-09-30,6.0,4.0,46.666666666666664,10.275000000000002,1980,Sep,1980,Sep
1980-10-31,5.0,3.0,35.483870967741936,6.340000000000001,1980,Oct,1980,Oct
1980-11-30,9.0,6.0,36.666666666666664,7.739090909090908,1980,Nov,1980,Nov
1980-12-31,4.0,5.0,48.38709677419355,6.344666666666665,1980,Dec,1980,Dec
1981-01-31,7.0,3.0,32.25806451612903,2.922,1981,Jan,1981,Jan
1981-02-28,7.0,2.0,39.285714285714285,10.740000000000002,1981,Feb,1981,Feb
1981-03-31,6.0,3.0,35.483870967741936,3.8027272727272727,1981,Mar,1981,Mar
1981-04-30,4.0,3.0,40.0,6.142500000000001,1981,Apr,1981,Apr
1981-05-31,5.0,4.0,38.70967741935484,7.5441666666666665,1981,May,1981,May
1981-06-30,3.0,2.0,43.333333333333336,8.433846153846154,1981,Jun,1981,Jun
1981-07-31,5.0,2.0,32.25806451612903,8.812000000000001,1981,Jul,1981,Jul
1981-08-31,5.0,3.0,35.483870967741936,13.373636363636367,1981,Aug,1981,Aug
1981-09-30,11.0,3.0,36.666666666666664,7.226363636363636,1981,Sep,1981,Sep
1981-10-31,10.0,3.0,32.25806451612903,10.419999999999998,1981,Oct,1981,Oct
1981-11-30,5.0,2.0,30.0,10.337777777777779,1981,Nov,1981,Nov
1981-12-31,5.0,3.0,38.70967741935484,6.161666666666666,1981,Dec,1981,Dec
1982-01-31,6.0,4.0,38.70967741935484,7.2925,1982,Jan,1982,Jan
1982-02-28,9.0,4.0,25.0,6.078571428571428,1982,Feb,1982,Feb
1982-03-31,7.0,4.0,45.16129032258064,7.962142857142857,1982,Mar,1982,Mar
1982-04-30,9.0,2.0,20.0,6.883333333333334,1982,Apr,1982,Apr
1982-05-31,7.0,2.0,19.35483870967742,2.5450000000000004,1982,May,1982,May
1982-06-30,5.0,3.0,43.333333333333336,6.142307692307693,1982,Jun,1982,Jun
1982-07-31,5.0,2.0,29.03225806451613,7.181111111111111,1982,Jul,1982,Jul
1982-08-31,7.0,2.0,30.0,11.533333333333335,1982,Aug,1982,Aug
1982-09-30,7.0,3.0,30.0,10.673333333333334,1982,Sep,1982,Sep
1982-10-31,11.0,2.0,19.35483870967742,4.3999999999999995,1982,Oct,1982,Oct
1982-11-30,8.0,4.0,40.0,9.396363636363638,1982,Nov,1982,Nov
1982-12-31,4.0,4.0,48.38709677419355,5.095333333333333,1982,Dec,1982,Dec
1983-01-31,5.0,3.0,35.483870967741936,6.380909090909091,1983,Jan,1983,Jan
1983-02-28,6.0,3.0,32.142857142857146,8.581111111111111,1983,Feb,1983,Feb
1983-03-31,7.0,4.0,32.25806451612903,6.0600000000000005,1983,Mar,1983,Mar
1983-04-30,3.0,3.0,46.666666666666664,11.262142857142859,1983,Apr,1983,Apr
1983-05-31,4.0,4.0,48.38709677419355,9.366666666666667,1983,May,1983,May
1983-06-30,6.0,3.0,33.33333333333333,4.048,1983,Jun,1983,Jun
1983-07-31,4.0,3.0,35.483870967741936,6.177272727272726,1983,Jul,1983,Jul
1983-08-31,9.0,2.0,19.35483870967742,5.606666666666666,1983,Aug,1983,Aug
1983-09-30,8.0,3.0,20.0,13.000000000000002,1983,Sep,1983,Sep
1983-10-31,8.0,3.0,25.806451612903224,10.7525,1983,Oct,1983,Oct
1983-11-30,4.0,4.0,50.0,14.125333333333332,1983,Nov,1983,Nov
1983-12-31,3.0,3.0,45.16129032258064,12.936428571428573,1983,Dec,1983,Dec
1984-01-31,4.0,3.0,45.16129032258064,3.237142857142857,1984,Jan,1984,Jan
1984-02-29,5.0,2.0,34.48275862068966,7.971000000000001,1984,Feb,1984,Feb
1984-03-31,9.0,2.0,29.03225806451613,4.771111111111111,1984,Mar,1984,Mar
1984-04-30,6.0,4.0,33.33333333333333,7.868,1984,Apr,1984,Apr
1984-05-31,7.0,2.0,35.483870967741936,10.954545454545453,1984,May,1984,May
1984-06-30,15.0,2.0,13.793103448275861,11.555,1984,Jun,1984,Jun
1984-07-31,7.0,2.0,19.35483870967742,10.01,1984,Jul,1984,Jul
1984-08-31,5.0,2.0,32.25806451612903,11.575999999999999,1984,Aug,1984,Aug
1984-09-30,9.0,2.0,20.0,4.723333333333334,1984,Sep,1984,Sep
1984-10-31,10.0,3.0,22.58064516129032,7.127142857142857,1984,Oct,1984,Oct
1984-11-30,5.0,4.0,36.666666666666664,8.223636363636365,1984,Nov,1984,Nov
1984-12-31,3.0,5.0,51.61290322580645,7.64375,1984,Dec,1984,Dec
1985-01-31,5.0,3.0,41.935483870967744,4.980769230769232,1985,Jan,1985,Jan
1985-02-28,4.0,3.0,46.42857142857143,5.866153846153848,1985,Feb,1985,Feb
1985-03-31,9.0,2.0,32.25806451612903,11.524000000000001,1985,Mar,1985,Mar
1985-04-30,7.0,3.0,36.666666666666664,5.683636363636364,1985,Apr,1985,Apr
1985-05-31,5.0,4.0,32.25806451612903,4.191,1985,May,1985,May
1985-06-30,4.0,4.0,43.333333333333336,7.571538461538462,1985,Jun,1985,Jun
1985-07-31,10.0,2.0,32.25806451612903,6.946,1985,Jul,1985,Jul
1985-08-31,7.0,3.0,22.58064516129032,11.425714285714287,1985,Aug,1985,Aug
1985-09-30,13.0,4.0,26.666666666666668,9.19625,1985,Sep,1985,Sep
1985-10-31,6.0,2.0,41.935483870967744,6.762307692307692,1985,Oct,1985,Oct
1985-11-30,6.0,6.0,46.666666666666664,5.6957142857142875,1985,Nov,1985,Nov
1985-12-31,4.0,5.0,54.83870967741935,5.000000000000001,1985,Dec,1985,Dec
1986-01-31,6.0,4.0,41.935483870967744,9.582307692307692,1986,Jan,1986,Jan
1986-02-28,6.0,2.0,35.714285714285715,5.09,1986,Feb,1986,Feb
1986-03-31,6.0,4.0,38.70967741935484,6.02,1986,Mar,1986,Mar
1986-04-30,9.0,4.0,26.666666666666668,6.348749999999999,1986,Apr,1986,Apr
1986-05-31,7.0,6.0,48.38709677419355,5.652666666666667,1986,May,1986,May
1986-06-30,6.0,3.0,36.666666666666664,10.850909090909092,1986,Jun,1986,Jun
1986-07-31,8.0,2.0,19.35483870967742,16.01,1986,Jul,1986,Jul
1986-08-31,5.0,5.0,45.16129032258064,9.691428571428572,1986,Aug,1986,Aug
1986-09-30,6.0,3.0,26.666666666666668,14.89625,1986,Sep,1986,Sep
1986-10-31,11.0,5.0,41.935483870967744,4.524615384615385,1986,Oct,1986,Oct
1986-11-30,4.0,2.0,43.333333333333336,6.281538461538462,1986,Nov,1986,Nov
1986-12-31,8.0,2.0,22.58064516129032,14.934285714285712,1986,Dec,1986,Dec
1987-01-31,6.0,3.0,29.03225806451613,9.60666666666667,1987,Jan,1987,Jan
1987-02-28,16.0,4.0,25.0,6.6257142857142854,1987,Feb,1987,Feb
1987-03-31,12.0,3.0,32.25806451612903,5.715999999999999,1987,Mar,1987,Mar
1987-04-30,15.0,4.0,30.0,4.295555555555556,1987,Apr,1987,Apr
1987-05-31,6.0,2.0,32.25806451612903,5.559,1987,May,1987,May
1987-06-30,9.0,4.0,34.48275862068966,6.945,1987,Jun,1987,Jun
1987-07-31,8.0,1.0,20.0,12.645000000000001,1987,Jul,1987,Jul
1987-08-31,10.0,2.0,25.806451612903224,6.76125,1987,Aug,1987,Aug
1987-09-30,6.0,3.0,36.666666666666664,10.182727272727272,1987,Sep,1987,Sep
1987-10-31,11.0,3.0,29.03225806451613,6.524444444444445,1987,Oct,1987,Oct
1987-11-30,7.0,3.0,33.33333333333333,12.628,1987,Nov,1987,Nov
1987-12-31,8.0,2.0,22.58064516129032,9.031428571428572,1987,Dec,1987,Dec
1988-01-31,4.0,2.0,32.25806451612903,3.053,1988,Jan,1988,Jan
1988-02-29,6.0,3.0,55.172413793103445,6.210625,1988,Feb,1988,Feb
1988-03-31,10.0,2.0,19.35483870967742,5.406666666666666,1988,Mar,1988,Mar
1988-04-30,9.0,4.0,43.333333333333336,6.2361538461538455,1988,Apr,1988,Apr
1988-05-31,10.0,2.0,22.58064516129032,7.358571428571429,1988,May,1988,May
1988-06-30,21.0,3.0,16.666666666666664,14.414000000000001,1988,Jun,1988,Jun
1988-07-31,9.0,1.0,19.35483870967742,5.368333333333333,1988,Jul,1988,Jul
1988-08-31,6.0,5.0,48.38709677419355,10.93,1988,Aug,1988,Aug
1988-09-30,8.0,2.0,23.333333333333332,6.018571428571429,1988,Sep,1988,Sep
1988-10-31,3.0,3.0,41.935483870967744,7.443076923076924,1988,Oct,1988,Oct
1988-11-30,6.0,4.0,34.48275862068966,6.586,1988,Nov,1988,Nov
1988-12-31,7.0,3.0,35.483870967741936,4.341818181818182,1988,Dec,1988,Dec
1989-01-31,5.0,4.0,35.483870967741936,7.467272727272728,1989,Jan,1989,Jan
1989-02-28,6.0,2.0,28.57142857142857,4.50375,1989,Feb,1989,Feb
1989-03-31,9.0,4.0,45.16129032258064,6.408571428571429,1989,Mar,1989,Mar
1989-04-30,12.0,2.0,30.0,5.963333333333334,1989,Apr,1989,Apr
1989-05-31,7.0,4.0,48.38709677419355,5.775333333333333,1989,May,1989,May
1989-06-30,8.0,2.0,26.666666666666668,10.485,1989,Jun,1989,Jun
1989-07-31,15.0,2.0,22.58064516129032,4.502857142857144,1989,Jul,1989,Jul
1989-08-31,10.0,3.0,32.25806451612903,11.902000000000001,1989,Aug,1989,Aug
1989-09-30,12.0,3.0,23.333333333333332,8.234285714285715,1989,Sep,1989,Sep
1989-10-31,8.0,6.0,40.0,5.451666666666667,1989,Oct,1989,Oct
1989-11-30,3.0,9.0,70.0,9.361904761904762,1989,Nov,1989,Nov
1989-12-31,9.0,2.0,25.806451612903224,7.1525,1989,Dec,1989,Dec
1990-01-31,3.0,5.0,58.06451612903226,5.6755555555555555,1990,Jan,1990,Jan
1990-02-28,4.0,5.0,42.857142857142854,7.8325000000000005,1990,Feb,1990,Feb
1990-03-31,11.0,2.0,25.806451612903224,5.93,1990,Mar,1990,Mar
1990-04-30,4.0,4.0,43.333333333333336,8.16,1990,Apr,1990,Apr
1990-05-31,10.0,2.0,25.806451612903224,9.82125,1990,May,1990,May
1990-06-30,5.0,3.0,43.333333333333336,5.451538461538462,1990,Jun,1990,Jun
1990-07-31,7.0,2.0,35.483870967741936,12.298181818181815,1990,Jul,1990,Jul
1990-08-31,8.0,3.0,29.03225806451613,9.516666666666666,1990,Aug,1990,Aug
1990-09-30,7.0,2.0,23.333333333333332,11.262857142857143,1990,Sep,1990,Sep
1990-10-31,6.0,6.0,54.83870967741935,7.2,1990,Oct,1990,Oct
1990-11-30,4.0,3.0,33.33333333333333,9.432,1990,Nov,1990,Nov
1990-12-31,8.0,4.0,41.935483870967744,12.573846153846155,1990,Dec,1990,Dec
1991-01-31,4.0,7.0,51.61290322580645,6.448125,1991,Jan,1991,Jan
1991-02-28,12.0,4.0,32.142857142857146,6.834444444444445,1991,Feb,1991,Feb
1991-03-31,10.0,7.0,41.935483870967744,7.938461538461539,1991,Mar,1991,Mar
1991-04-30,6.0,4.0,40.0,10.484166666666667,1991,Apr,1991,Apr
1991-05-31,9.0,2.0,29.03225806451613,10.33222222222222,1991,May,1991,May
1991-06-30,11.0,2.0,16.666666666666664,7.19,1991,Jun,1991,Jun
1991-07-31,7.0,3.0,29.03225806451613,9.764444444444445,1991,Jul,1991,Jul
1991-08-31,7.0,2.0,35.483870967741936,10.368181818181819,1991,Aug,1991,Aug
1991-09-30,5.0,2.0,33.33333333333333,7.089000000000001,1991,Sep,1991,Sep
1991-10-31,4.0,3.0,41.935483870967744,5.601538461538462,1991,Oct,1991,Oct
1991-11-30,10.0,2.0,26.666666666666668,4.0287500000000005,1991,Nov,1991,Nov
1991-12-31,4.0,4.0,41.935483870967744,6.328461538461538,1991,Dec,1991,Dec
1992-01-31,5.0,3.0,38.70967741935484,8.683333333333332,1992,Jan,1992,Jan
1992-02-29,3.0,3.0,48.275862068965516,8.494285714285715,1992,Feb,1992,Feb
1992-03-31,8.0,3.0,32.25806451612903,8.009,1992,Mar,1992,Mar
1992-04-30,8.0,2.0,20.0,7.918333333333333,1992,Apr,1992,Apr
1992-05-31,7.0,2.0,25.806451612903224,7.17,1992,May,1992,May
1992-06-30,5.0,2.0,30.0,8.586666666666666,1992,Jun,1992,Jun
1992-07-31,6.0,4.0,41.935483870967744,10.818461538461538,1992,Jul,1992,Jul
1992-08-31,16.0,2.0,25.806451612903224,8.7275,1992,Aug,1992,Aug
1992-09-30,6.0,2.0,30.0,12.373333333333333,1992,Sep,1992,Sep
1992-10-31,8.0,2.0,25.806451612903224,10.1025,1992,Oct,1992,Oct
1992-11-30,4.0,4.0,50.0,7.337333333333333,1992,Nov,1992,Nov
1992-12-31,9.0,2.0,25.806451612903224,3.4425,1992,Dec,1992,Dec
1993-01-31,4.0,4.0,54.83870967741935,7.877058823529412,1993,Jan,1993,Jan
1993-02-28,5.0,3.0,35.714285714285715,8.411,1993,Feb,1993,Feb
1993-03-31,10.0,4.0,35.483870967741936,8.341818181818182,1993,Mar,1993,Mar
1993-04-30,6.0,5.0,46.666666666666664,12.021428571428574,1993,Apr,1993,Apr
1993-05-31,5.0,3.0,32.25806451612903,8.771,1993,May,1993,May
1993-06-30,8.0,5.0,36.666666666666664,8.57090909090909,1993,Jun,1993,Jun
1993-07-31,7.0,3.0,29.03225806451613,10.197777777777778,1993,Jul,1993,Jul
1993-08-31,5.0,2.0,35.483870967741936,4.044545454545454,1993,Aug,1993,Aug
1993-09-30,7.0,3.0,33.33333333333333,12.597,1993,Sep,1993,Sep
1993-10-31,5.0,4.0,45.16129032258064,9.086428571428572,1993,Oct,1993,Oct
1993-11-30,7.0,3.0,33.33333333333333,10.450999999999999,1993,Nov,1993,Nov
1993-12-31,10.0,4.0,35.483870967741936,7.241818181818181,1993,Dec,1993,Dec
1994-01-31,5.0,2.0,35.483870967741936,9.894545454545455,1994,Jan,1994,Jan
1994-02-28,5.0,3.0,32.142857142857146,10.047777777777776,1994,Feb,1994,Feb
1994-03-31,4.0,2.0,38.70967741935484,6.6225,1994,Mar,1994,Mar
1994-04-30,8.0,3.0,36.666666666666664,9.835454545454546,1994,Apr,1994,Apr
1994-05-31,6.0,4.0,41.935483870967744,7.89923076923077,1994,May,1994,May
1994-06-30,6.0,3.0,40.0,12.253333333333332,1994,Jun,1994,Jun
1994-07-31,4.0,2.0,35.483870967741936,4.805454545454546,1994,Jul,1994,Jul
1994-08-31,9.0,2.0,29.03225806451613,9.494444444444445,1994,Aug,1994,Aug
1994-09-30,5.0,4.0,43.333333333333336,5.311538461538461,1994,Sep,1994,Sep
1994-10-31,8.0,3.0,19.35483870967742,3.3266666666666667,1994,Oct,1994,Oct
1994-11-30,5.0,3.0,34.48275862068966,6.894999999999999,1994,Nov,1994,Nov
1994-12-31,10.0,3.0,32.25806451612903,6.9990000000000006,1994,Dec,1994,Dec
1995-01-31,7.0,4.0,51.61290322580645,9.119333333333335,1995,Jan,1995,Jan
1995-02-28,5.0,3.0,42.857142857142854,6.206666666666666,1995,Feb,1995,Feb
1995-03-31,9.0,5.0,38.70967741935484,4.515833333333334,1995,Mar,1995,Mar
1995-04-30,7.0,2.0,26.666666666666668,8.872499999999999,1995,Apr,1995,Apr
1995-05-31,5.0,3.0,35.483870967741936,7.502727272727274,1995,May,1995,May
1995-06-30,19.0,1.0,6.896551724137931,3.7,1995,Jun,1995,Jun
1995-07-31,7.0,4.0,38.70967741935484,10.390833333333333,1995,Jul,1995,Jul
1995-08-31,15.0,4.0,29.03225806451613,14.513333333333334,1995,Aug,1995,Aug
1995-09-30,6.0,2.0,23.333333333333332,8.814285714285713,1995,Sep,1995,Sep
1995-10-31,8.0,3.0,27.586206896551722,5.7787500000000005,1995,Oct,1995,Oct
1995-11-30,3.0,6.0,50.0,10.301333333333334,1995,Nov,1995,Nov
1995-12-31,4.0,4.0,45.16129032258064,8.093571428571428,1995,Dec,1995,Dec
1996-01-31,8.0,2.0,22.58064516129032,10.73,1996,Jan,1996,Jan
1996-02-29,6.0,3.0,37.93103448275862,6.993636363636364,1996,Feb,1996,Feb
1996-03-31,11.0,3.0,25.806451612903224,2.34875,1996,Mar,1996,Mar
1996-04-30,5.0,8.0,63.33333333333333,9.916842105263159,1996,Apr,1996,Apr
1996-05-31,9.0,3.0,22.58064516129032,13.20142857142857,1996,May,1996,May
1996-06-30,8.0,5.0,46.666666666666664,4.785714285714286,1996,Jun,1996,Jun
1996-07-31,8.0,3.0,29.03225806451613,12.030000000000001,1996,Jul,1996,Jul
1996-08-31,13.0,2.0,16.129032258064516,4.414,1996,Aug,1996,Aug
1996-09-30,8.0,5.0,43.333333333333336,9.160769230769231,1996,Sep,1996,Sep
1996-10-31,7.0,4.0,25.806451612903224,9.399999999999999,1996,Oct,1996,Oct
1996-11-30,8.0,3.0,20.689655172413794,12.526666666666666,1996,Nov,1996,Nov
1996-12-31,5.0,4.0,51.61290322580645,6.351875,1996,Dec,1996,Dec
1997-01-31,3.0,5.0,54.83870967741935,8.607647058823531,1997,Jan,1997,Jan
1997-02-28,4.0,4.0,57.14285714285714,8.120625,1997,Feb,1997,Feb
1997-03-31,3.0,3.0,41.935483870967744,9.55923076923077,1997,Mar,1997,Mar
1997-04-30,8.0,2.0,26.666666666666668,13.858571428571429,1997,Apr,1997,Apr
1997-05-31,13.0,2.0,25.806451612903224,9.501249999999999,1997,May,1997,May
1997-06-30,15.0,3.0,17.24137931034483,7.678,1997,Jun,1997,Jun
1997-07-31,11.0,3.0,32.25806451612903,13.9,1997,Jul,1997,Jul
1997-08-31,8.0,3.0,32.25806451612903,10.881,1997,Aug,1997,Aug
1997-09-30,5.0,2.0,33.33333333333333,9.412,1997,Sep,1997,Sep
1997-10-31,7.0,4.0,29.03225806451613,5.325555555555556,1997,Oct,1997,Oct
1997-11-30,4.0,4.0,56.666666666666664,6.07764705882353,1997,Nov,1997,Nov
1997-12-31,8.0,2.0,29.03225806451613,7.7811111111111115,1997,Dec,1997,Dec
1998-01-31,6.0,5.0,38.70967741935484,10.754166666666665,1998,Jan,1998,Jan
1998-02-28,11.0,2.0,21.428571428571427,8.888333333333334,1998,Feb,1998,Feb
1998-03-31,3.0,5.0,51.61290322580645,9.055,1998,Mar,1998,Mar
1998-04-30,12.0,3.0,23.333333333333332,5.187142857142857,1998,Apr,1998,Apr
1998-05-31,13.0,4.0,22.58064516129032,7.197142857142857,1998,May,1998,May
1998-06-30,9.0,6.0,33.33333333333333,7.525,1998,Jun,1998,Jun
1998-07-31,5.0,4.0,40.0,7.695,1998,Jul,1998,Jul
1998-08-31,9.0,2.0,19.35483870967742,15.514999999999999,1998,Aug,1998,Aug
1998-09-30,6.0,3.0,40.0,5.3149999999999995,1998,Sep,1998,Sep
1998-10-31,13.0,2.0,22.58064516129032,9.018571428571429,1998,Oct,1998,Oct
1998-11-30,9.0,3.0,30.0,4.109999999999999,1998,Nov,1998,Nov
1998-12-31,11.0,3.0,29.03225806451613,6.336666666666668,1998,Dec,1998,Dec
1999-01-31,7.0,5.0,54.83870967741935,9.105882352941178,1999,Jan,1999,Jan
1999-02-28,10.0,1.0,25.0,5.865714285714286,1999,Feb,1999,Feb
1999-03-31,9.0,4.0,35.483870967741936,7.751818181818181,1999,Mar,1999,Mar
1999-04-30,13.0,3.0,20.0,3.36,1999,Apr,1999,Apr
1999-05-31,9.0,4.0,22.58064516129032,6.54142857142857,1999,May,1999,May
1999-06-30,12.0,3.0,26.666666666666668,11.286249999999999,1999,Jun,1999,Jun
1999-07-31,6.0,6.0,38.70967741935484,6.2925,1999,Jul,1999,Jul
1999-08-31,14.0,2.0,19.35483870967742,11.435,1999,Aug,1999,Aug
1999-09-30,5.0,3.0,36.666666666666664,17.980000000000004,1999,Sep,1999,Sep
1999-10-31,5.0,2.0,43.333333333333336,6.877692307692308,1999,Oct,1999,Oct
1999-11-30,8.0,2.0,26.666666666666668,7.4575,1999,Nov,1999,Nov
1999-12-31,5.0,4.0,38.70967741935484,6.548333333333332,1999,Dec,1999,Dec
2000-01-31,4.0,2.0,32.25806451612903,10.344,2000,Jan,2000,Jan
2000-02-29,10.0,3.0,27.586206896551722,11.645,2000,Feb,2000,Feb
2000-03-31,8.0,3.0,38.70967741935484,6.376666666666666,2000,Mar,2000,Mar
2000-04-30,8.0,5.0,36.666666666666664,11.306363636363635,2000,Apr,2000,Apr
2000-05-31,5.0,6.0,41.935483870967744,10.486923076923075,2000,May,2000,May
2000-06-30,5.0,2.0,36.666666666666664,7.084545454545454,2000,Jun,2000,Jun
2000-07-31,5.0,2.0,35.483870967741936,4.302727272727273,2000,Jul,2000,Jul
2000-08-31,5.0,2.0,35.483870967741936,9.541818181818183,2000,Aug,2000,Aug
2000-09-30,7.0,2.0,23.333333333333332,9.382857142857143,2000,Sep,2000,Sep
2000-10-31,8.0,3.0,25.806451612903224,3.27875,2000,Oct,2000,Oct
2000-11-30,5.0,3.0,36.666666666666664,6.127272727272728,2000,Nov,2000,Nov
2000-12-31,4.0,3.0,48.38709677419355,9.843333333333334,2000,Dec,2000,Dec
2001-01-31,6.0,3.0,38.70967741935484,5.091666666666667,2001,Jan,2001,Jan
2001-02-28,3.0,2.0,39.285714285714285,7.847272727272728,2001,Feb,2001,Feb
2001-03-31,8.0,2.0,29.03225806451613,13.068888888888889,2001,Mar,2001,Mar
2001-04-30,17.0,1.0,13.333333333333334,3.64,2001,Apr,2001,Apr
2001-05-31,7.0,6.0,32.25806451612903,7.116999999999999,2001,May,2001,May
2001-06-30,12.0,3.0,26.666666666666668,9.62875,2001,Jun,2001,Jun
2001-07-31,19.0,4.0,19.35483870967742,5.569999999999999,2001,Jul,2001,Jul
2001-08-31,16.0,1.0,12.903225806451612,16.0675,2001,Aug,2001,Aug
2001-09-30,6.0,2.0,23.333333333333332,9.892857142857142,2001,Sep,2001,Sep
2001-10-31,5.0,3.0,35.483870967741936,7.1036363636363635,2001,Oct,2001,Oct
2001-11-30,5.0,2.0,33.33333333333333,8.487,2001,Nov,2001,Nov
2001-12-31,5.0,4.0,51.61290322580645,4.703125,2001,Dec,2001,Dec
2002-01-31,6.0,2.0,35.483870967741936,4.278181818181818,2002,Jan,2002,Jan
2002-02-28,4.0,2.0,32.142857142857146,4.505555555555556,2002,Feb,2002,Feb
2002-03-31,5.0,2.0,38.70967741935484,8.474166666666667,2002,Mar,2002,Mar
2002-04-30,9.0,3.0,33.33333333333333,8.062000000000001,2002,Apr,2002,Apr
2002-05-31,9.0,3.0,35.483870967741936,11.759090909090908,2002,May,2002,May
2002-06-30,5.0,4.0,40.0,9.097500000000002,2002,Jun,2002,Jun
2002-07-31,5.0,3.0,35.483870967741936,5.183636363636364,2002,Jul,2002,Jul
2002-08-31,13.0,1.0,9.67741935483871,3.3599999999999994,2002,Aug,2002,Aug
2002-09-30,7.0,2.0,23.333333333333332,9.455714285714285,2002,Sep,2002,Sep
2002-10-31,7.0,2.0,19.35483870967742,11.604999999999999,2002,Oct,2002,Oct
2002-11-30,3.0,3.0,56.666666666666664,7.238823529411764,2002,Nov,2002,Nov
2002-12-31,7.0,2.0,22.58064516129032,5.24,2002,Dec,2002,Dec
2003-01-31,7.0,2.0,25.806451612903224,4.303750000000001,2003,Jan,2003,Jan
2003-02-28,9.0,2.0,28.57142857142857,7.50625,2003,Feb,2003,Feb
2003-03-31,5.0,4.0,45.16129032258064,7.4921428571428565,2003,Mar,2003,Mar
2003-04-30,5.0,4.0,33.33333333333333,7.978,2003,Apr,2003,Apr
2003-05-31,7.0,3.0,41.935483870967744,8.682307692307692,2003,May,2003,May
2003-06-30,14.0,2.0,23.333333333333332,10.111428571428574,2003,Jun,2003,Jun
2003-07-31,6.0,3.0,35.483870967741936,4.998181818181819,2003,Jul,2003,Jul
2003-08-31,8.0,3.0,25.806451612903224,10.2025,2003,Aug,2003,Aug
2003-09-30,14.0,2.0,33.33333333333333,10.738,2003,Sep,2003,Sep
2003-10-31,10.0,2.0,29.03225806451613,17.72111111111111,2003,Oct,2003,Oct
2003-11-30,5.0,4.0,43.333333333333336,10.724615384615383,2003,Nov,2003,Nov
2003-12-31,5.0,3.0,43.333333333333336,10.013846153846153,2003,Dec,2003,Dec
2004-01-31,8.0,3.0,45.16129032258064,2.9607142857142854,2004,Jan,2004,Jan
2004-02-29,11.0,2.0,24.137931034482758,7.221428571428571,2004,Feb,2004,Feb
2004-03-31,12.0,2.0,32.25806451612903,6.268,2004,Mar,2004,Mar
2004-04-30,7.0,5.0,46.666666666666664,5.2128571428571435,2004,Apr,2004,Apr
2004-05-31,5.0,4.0,38.70967741935484,6.965833333333333,2004,May,2004,May
2004-06-30,6.0,4.0,30.0,7.272222222222222,2004,Jun,2004,Jun
2004-07-31,7.0,4.0,45.16129032258064,10.27357142857143,2004,Jul,2004,Jul
2004-08-31,7.0,3.0,38.70967741935484,7.766666666666667,2004,Aug,2004,Aug
2004-09-30,20.0,1.0,10.344827586206897,1.4933333333333334,2004,Sep,2004,Sep
2004-10-31,13.0,3.0,22.58064516129032,5.348571428571428,2004,Oct,2004,Oct
2004-11-30,8.0,4.0,30.0,9.893333333333333,2004,Nov,2004,Nov
2004-12-31,3.0,2.0,48.38709677419355,9.362,2004,Dec,2004,Dec
2005-01-31,5.0,3.0,32.25806451612903,7.040000000000001,2005,Jan,2005,Jan
2005-02-28,7.0,3.0,28.57142857142857,6.709999999999999,2005,Feb,2005,Feb
2005-03-31,11.0,2.0,22.58064516129032,7.2385714285714275,2005,Mar,2005,Mar
2005-04-30,12.0,4.0,36.666666666666664,14.820909090909089,2005,Apr,2005,Apr
2005-05-31,8.0,3.0,32.25806451612903,4.435,2005,May,2005,May
2005-06-30,13.0,4.0,20.0,21.721666666666664,2005,Jun,2005,Jun
2005-07-31,7.0,3.0,23.333333333333332,9.107142857142858,2005,Jul,2005,Jul
2005-08-31,6.0,3.0,30.0,6.841111111111111,2005,Aug,2005,Aug
2005-09-30,7.0,3.0,30.0,12.78111111111111,2005,Sep,2005,Sep
2005-10-31,6.0,5.0,43.333333333333336,10.26923076923077,2005,Oct,2005,Oct
2005-11-30,5.0,5.0,50.0,6.715333333333334,2005,Nov,2005,Nov
2005-12-31,7.0,2.0,36.666666666666664,4.2290909090909095,2005,Dec,2005,Dec
2006-01-31,3.0,3.0,51.61290322580645,10.260625000000001,2006,Jan,2006,Jan
2006-02-28,7.0,4.0,42.857142857142854,6.089166666666666,2006,Feb,2006,Feb
2006-03-31,18.0,2.0,19.35483870967742,4.846666666666667,2006,Mar,2006,Mar
2006-04-30,6.0,5.0,36.666666666666664,10.92,2006,Apr,2006,Apr
2006-05-31,5.0,10.0,48.38709677419355,11.866666666666669,2006,May,2006,May
2006-06-30,7.0,3.0,36.666666666666664,9.609090909090911,2006,Jun,2006,Jun
2006-07-31,4.0,5.0,51.61290322580645,8.738125,2006,Jul,2006,Jul
2006-08-31,5.0,4.0,32.25806451612903,15.74,2006,Aug,2006,Aug
2006-09-30,5.0,3.0,33.33333333333333,6.681,2006,Sep,2006,Sep
2006-10-31,6.0,4.0,48.38709677419355,12.235333333333333,2006,Oct,2006,Oct
2006-11-30,9.0,7.0,40.0,6.099166666666666,2006,Nov,2006,Nov
2006-12-31,3.0,3.0,41.935483870967744,9.334615384615386,2006,Dec,2006,Dec
2007-01-31,7.0,4.0,35.483870967741936,8.175454545454544,2007,Jan,2007,Jan
2007-02-28,5.0,2.0,32.142857142857146,4.047777777777777,2007,Feb,2007,Feb
2007-03-31,5.0,4.0,38.70967741935484,8.023333333333333,2007,Mar,2007,Mar
2007-04-30,6.0,3.0,43.333333333333336,11.70923076923077,2007,Apr,2007,Apr
2007-05-31,14.0,3.0,22.58064516129032,9.37142857142857,2007,May,2007,May
2007-06-30,8.0,3.0,40.0,5.18,2007,Jun,2007,Jun
2007-07-31,11.0,3.0,38.70967741935484,9.055833333333334,2007,Jul,2007,Jul
2007-08-31,8.0,3.0,25.806451612903224,10.205,2007,Aug,2007,Aug
2007-09-30,10.0,3.0,26.666666666666668,6.22625,2007,Sep,2007,Sep
2007-10-31,5.0,3.0,32.25806451612903,11.7,2007,Oct,2007,Oct
2007-11-30,5.0,3.0,46.666666666666664,6.312857142857142,2007,Nov,2007,Nov
2007-12-31,5.0,5.0,51.61290322580645,9.599374999999998,2007,Dec,2007,Dec
2008-01-31,4.0,2.0,38.70967741935484,10.837499999999999,2008,Jan,2008,Jan
2008-02-29,3.0,3.0,55.172413793103445,7.57375,2008,Feb,2008,Feb
2008-03-31,10.0,3.0,41.935483870967744,8.857692307692307,2008,Mar,2008,Mar
2008-04-30,10.0,2.0,26.666666666666668,9.497499999999999,2008,Apr,2008,Apr
2008-05-31,7.0,3.0,32.25806451612903,7.393000000000001,2008,May,2008,May
2008-06-30,7.0,3.0,43.333333333333336,4.69923076923077,2008,Jun,2008,Jun
2008-07-31,4.0,5.0,48.38709677419355,8.196666666666667,2008,Jul,2008,Jul
2008-08-31,6.0,2.0,25.806451612903224,9.925,2008,Aug,2008,Aug
2008-09-30,8.0,2.0,30.0,5.526666666666666,2008,Sep,2008,Sep
2008-10-31,6.0,2.0,25.806451612903224,13.095,2008,Oct,2008,Oct
2008-11-30,8.0,5.0,33.33333333333333,7.459999999999999,2008,Nov,2008,Nov
2008-12-31,2.0,3.0,54.83870967741935,11.200000000000001,2008,Dec,2008,Dec
2009-01-31,4.0,3.0,38.70967741935484,7.608333333333333,2009,Jan,2009,Jan
2009-02-28,9.0,3.0,32.142857142857146,10.806666666666665,2009,Feb,2009,Feb
2009-03-31,14.0,3.0,29.03225806451613,5.473333333333333,2009,Mar,2009,Mar
2009-04-30,10.0,5.0,40.0,6.480833333333334,2009,Apr,2009,Apr
2009-05-31,6.0,5.0,41.935483870967744,7.396923076923077,2009,May,2009,May
2009-06-30,8.0,2.0,30.0,8.337777777777779,2009,Jun,2009,Jun
2009-07-31,5.0,4.0,41.935483870967744,9.076153846153847,2009,Jul,2009,Jul
2009-08-31,8.0,2.0,29.03225806451613,9.197777777777777,2009,Aug,2009,Aug
2009-09-30,17.0,3.0,20.0,7.578333333333333,2009,Sep,2009,Sep
2009-10-31,7.0,4.0,38.70967741935484,9.489999999999998,2009,Oct,2009,Oct
2009-11-30,10.0,4.0,26.666666666666668,7.29875,2009,Nov,2009,Nov
2009-12-31,5.0,5.0,54.83870967741935,7.987058823529414,2009,Dec,2009,Dec
2010-01-31,6.0,5.0,38.70967741935484,7.5025,2010,Jan,2010,Jan
2010-02-28,14.0,5.0,35.714285714285715,6.331,2010,Feb,2010,Feb
2010-03-31,13.0,2.0,16.129032258064516,12.937999999999999,2010,Mar,2010,Mar
2010-04-30,8.0,4.0,33.33333333333333,10.019,2010,Apr,2010,Apr
2010-05-31,16.0,2.0,22.58064516129032,5.445714285714287,2010,May,2010,May
2010-06-30,3.0,3.0,53.333333333333336,10.064375,2010,Jun,2010,Jun
2010-07-31,8.0,2.0,25.806451612903224,12.32,2010,Jul,2010,Jul
2010-08-31,6.0,4.0,32.25806451612903,14.309999999999999,2010,Aug,2010,Aug
2010-09-30,4.0,5.0,51.724137931034484,6.361333333333333,2010,Sep,2010,Sep
2010-10-31,6.0,4.0,36.666666666666664,5.710909090909091,2010,Oct,2010,Oct
2010-11-30,6.0,3.0,36.666666666666664,9.139090909090909,2010,Nov,2010,Nov
2010-12-31,7.0,5.0,45.16129032258064,10.319285714285714,2010,Dec,2010,Dec
